Features,Mean Importance,Std Importance
SkewAM,0.02866666666666663,0.022120880030716075
KurtAM,0.022333333333333302,0.01358512258154322
skewness,0.017666666666666626,0.009666666666666667
spindle,0.017333333333333298,0.011035296904831233
perm_entr,0.015666666666666627,0.014302291968616624
alpha,0.01266666666666663,0.00975249255888518
beta_tot,0.008666666666666635,0.008326663997864501
svd_ent,0.008666666666666635,0.008326663997864501
theta,0.008666666666666635,0.008326663997864501
beta,0.007666666666666639,0.008306623862918045
alpha_theta,0.007333333333333307,0.008273115763993874
fhtife1,0.006999999999999975,0.008225975119502016
saen,0.005333333333333314,0.007774602526460373
BSR,0.004999999999999969,0.011180339887498935
theta_tot,0.002666666666666657,0.006110100926607766
fhtife2,0.002333333333333325,0.005783117190965804
spindle_tot,0.0013333333333333285,0.004521553322083496
FD,0.0013333333333333285,0.004521553322083496
delta,0.0006666666666666643,0.0032659863237108934
delta_tot,0.0,0.0
fhtife3,0.0,0.0
Mobility,0.0,0.0
abs(shan),0.0,0.0
abs(renyi),0.0,0.0
Complexity,0.0,0.0
SE,0.0,0.0
H_spec,0.0,0.0
RMS Amplitude,0.0,0.0
df,0.0,0.0
sef,0.0,0.0
fhtife4,0.0,0.0
Nonlinear energy,0.0,0.0
total,0.0,0.0
meanAM,0.0,0.0
spindle_theta,0.0,0.0
stdAM,0.0,0.0
beta_delta,0.0,0.0
spindle_delta,0.0,0.0
theta_delta,0.0,0.0
alpha_delta,0.0,0.0
Activity,0.0,0.0
alpha_tot,0.0,0.0
kurtosis,-0.000333333333333361,0.012688577540449521
beta_theta,-0.0013333333333333463,0.008055363982396386
