Feature,Importance_Perm_Mean,Importance_Perm_Std
kurtosis,0.0026666666666666527,0.007717224601860134
SkewAM,0.0006666666666666598,0.005734883511361745
spindle,0.0,0.0
total,0.0,0.0
fhtife1,0.0,0.0
alpha,0.0,0.0
H_spec,0.0,0.0
svd_ent,0.0,0.0
stdAM,0.0,0.0
df,0.0,0.0
RMS Amplitude,0.0,0.0
Mobility,0.0,0.0
abs(renyi),0.0,0.0
meanAM,-0.00033333333333333435,0.00233333333333334
delta,-0.00033333333333333435,0.0023333333333333405
Complexity,-0.0016666666666666718,0.005000000000000016
theta_tot,-0.002000000000000006,0.005416025603090658
sef,-0.0023333333333333405,0.005783117190965842
theta_delta,-0.0033333333333333435,0.006666666666666687
KurtAM,-0.003333333333333355,0.010000000000000009
alpha_delta,-0.004666666666666681,0.007483314773547907
spindle_theta,-0.005000000000000016,0.0076376261582597575
theta,-0.00533333333333335,0.007774602526460424
abs(shan),-0.00533333333333335,0.007774602526460424
BSR,-0.005666666666666682,0.00856997342145498
fhtife3,-0.006333333333333349,0.00936304793679211
beta_tot,-0.007000000000000029,0.017978382080215728
Activity,-0.007333333333333356,0.00827311576399393
spindle_tot,-0.0076666666666666905,0.0083066238629181
beta_delta,-0.008000000000000024,0.008326663997864556
fhtife4,-0.009000000000000029,0.0083066238629181
beta,-0.010000000000000031,0.008164965809277286
Nonlinear energy,-0.011000000000000034,0.007895146188218032
spindle_delta,-0.011000000000000034,0.007895146188218032
skewness,-0.011666666666666693,0.010137937550497045
delta_tot,-0.011666666666666704,0.0076376261582597575
SE,-0.012000000000000037,0.007483314773547906
alpha_theta,-0.013333333333333374,0.006666666666666687
saen,-0.014666666666666711,0.005416025603090658
alpha_tot,-0.015666666666666714,0.003958114029012652
FD,-0.01600000000000005,0.0032659863237109146
beta_theta,-0.018000000000000033,0.009333333333333327
fhtife2,-0.019000000000000034,0.008825468196582472
perm_entr,-0.029000000000000015,0.011455226851626372
