Feature,Importance_Perm_Mean,Importance_Perm_Std
kurtosis,0.05666666666666662,0.044221663871405324
beta,0.008333333333333281,0.018633899812498262
skewness,0.00499999999999996,0.019790570145063205
BSR,-0.003333333333333366,0.012472191289246475
alpha_delta,-0.010000000000000042,0.013333333333333352
alpha,-0.013333333333333374,0.02333333333333334
theta,-0.020000000000000073,0.014529663145135596
abs(shan),-0.023333333333333383,0.024944382578492966
delta,-0.030000000000000072,0.014529663145135593
